{
  "_generated": "Generated by SweetTooth, do not edit",
  "description": "Input Method Panel using KDE's kimpanel protocol for Gnome-Shell",
  "extension-id": "kimpanel",
  "gettext-domain": "gnome-shell-extensions-kimpanel",
  "locale": "/usr/local/share/locale",
  "name": "Input Method Panel",
  "settings-schema": "org.gnome.shell.extensions.kimpanel",
  "shell-version": [
    "45",
    "46"
  ],
  "url": "https://github.com/wengxt/gnome-shell-extension-kimpanel",
  "uuid": "kimpanel@kde.org",
  "version": 80
}